date,price
2017-01-01,995.4
2017-01-02,1017.0
2017-01-03,1033.3
2017-01-04,1135.4
2017-01-05,989.3
2017-01-06,886.2
2017-01-07,888.9
2017-01-08,900.9
2017-01-09,899.8
2017-01-10,904.4
2017-01-11,785.4
2017-01-12,810.1
2017-01-13,824.8
2017-01-14,819.6
2017-01-15,821.2
2017-01-16,827.3
2017-01-17,899.7
2017-01-18,872.0
2017-01-19,895.2
2017-01-20,892.9
2017-01-21,919.8
2017-01-22,918.8
2017-01-23,921.5
2017-01-24,893.8
2017-01-25,894.4
2017-01-26,915.6
2017-01-27,918.0
2017-01-28,918.5
2017-01-29,914.5
2017-01-30,920.7
2017-01-31,965.5
2017-02-01,982.4
2017-02-02,1004.0
2017-02-03,1013.0
2017-02-04,1031.8
2017-02-05,1016.1
2017-02-06,1024.7
2017-02-07,1049.6
2017-02-08,1055.5
2017-02-09,979.0
2017-02-10,997.6
2017-02-11,1008.3
2017-02-12,996.5
2017-02-13,995.4
2017-02-14,1008.3
2017-02-15,1008.2
2017-02-16,1031.9
2017-02-17,1049.4
2017-02-18,1052.3
2017-02-19,1048.9
2017-02-20,1077.6
2017-02-21,1119.0
2017-02-22,1120.5
2017-02-23,1171.9
2017-02-24,1176.5
2017-02-25,1149.1
2017-02-26,1171.6
2017-02-27,1188.8
2017-02-28,1189.3
2017-03-01,1222.7
2017-03-02,1255.5
2017-03-03,1283.3
2017-03-04,1264.3
2017-03-05,1271.2
2017-03-06,1277.0
2017-03-07,1232.7
2017-03-08,1147.0
2017-03-09,1191.3
2017-03-10,1112.4
2017-03-11,1179.2
2017-03-12,1225.1
2017-03-13,1238.2
2017-03-14,1243.1
2017-03-15,1253.4
2017-03-16,1172.9
2017-03-17,1071.7
2017-03-18,971.4
2017-03-19,1022.6
2017-03-20,1047.5
2017-03-21,1121.3
2017-03-22,1044.7
2017-03-23,1035.0
2017-03-24,939.7
2017-03-25,966.3
2017-03-26,969.4
2017-03-27,1045.1
2017-03-28,1044.4
2017-03-29,1041.9
2017-03-30,1037.9
2017-03-31,1079.1
2017-04-01,1086.1
2017-04-02,1097.4
2017-04-03,1147.6
2017-04-04,1141.8
2017-04-05,1129.9
2017-04-06,1188.7
2017-04-07,1190.5
2017-04-08,1180.8
2017-04-09,1204.3
2017-04-10,1206.7
2017-04-11,1220.7
2017-04-12,1212.5
2017-04-13,1176.2
2017-04-14,1177.3
2017-04-15,1177.0
2017-04-16,1176.8
2017-04-17,1194.0
2017-04-18,1206.1
2017-04-19,1215.2
2017-04-20,1238.1
2017-04-21,1249.6
2017-04-22,1240.9
2017-04-23,1249.1
2017-04-24,1248.2
2017-04-25,1264.3
2017-04-26,1286.6
2017-04-27,1332.9
2017-04-28,1329.6
2017-04-29,1336.3
2017-04-30,1351.9
2017-05-01,1415.8
2017-05-02,1445.9
2017-05-03,1485.6
2017-05-04,1516.8
2017-05-05,1507.8
2017-05-06,1545.3
2017-05-07,1554.4
2017-05-08,1664.5
2017-05-09,1697.5
2017-05-10,1752.3
2017-05-11,1819.3
2017-05-12,1686.4
2017-05-13,1763.7
2017-05-14,1772.6
2017-05-15,1708.9
2017-05-16,1729.3
2017-05-17,1801.3
2017-05-18,1881.0
2017-05-19,1962.0
2017-05-20,2040.2
2017-05-21,2044.2
2017-05-22,2124.4
2017-05-23,2272.6
2017-05-24,2445.3
2017-05-25,2307.2
2017-05-26,2244.9
2017-05-27,2052.4
2017-05-28,2189.0
2017-05-29,2278.2
2017-05-30,2192.6
2017-05-31,2303.3
2017-06-01,2412.6
2017-06-02,2492.6
2017-06-03,2545.4
2017-06-04,2524.1
2017-06-05,2705.0
2017-06-06,2870.5
2017-06-07,2691.5
2017-06-08,2798.8
2017-06-09,2811.4
2017-06-10,2900.3
2017-06-11,2973.4
2017-06-12,2656.8
2017-06-13,2713.0
2017-06-14,2467.3
2017-06-15,2442.5
2017-06-16,2508.6
2017-06-17,2655.1
2017-06-18,2539.6
2017-06-19,2616.8
2017-06-20,2754.4
2017-06-21,2677.6
2017-06-22,2722.8
2017-06-23,2710.4
2017-06-24,2590.1
2017-06-25,2541.6
2017-06-26,2446.1
2017-06-27,2583.8
2017-06-28,2577.7
2017-06-29,2558.4
2017-06-30,2480.6
2017-07-01,2424.6
2017-07-02,2536.5
2017-07-03,2572.5
2017-07-04,2617.3
2017-07-05,2627.9
2017-07-06,2614.2
2017-07-07,2513.9
2017-07-08,2564.9
2017-07-09,2511.4
2017-07-10,2344.0
2017-07-11,2324.3
2017-07-12,2403.1
2017-07-13,2362.4
2017-07-14,2234.2
2017-07-15,1975.1
2017-07-16,1914.1
2017-07-17,2233.4
2017-07-18,2320.2
2017-07-19,2282.6
2017-07-20,2866.0
2017-07-21,2675.1
2017-07-22,2836.5
2017-07-23,2756.6
2017-07-24,2763.4
2017-07-25,2582.6
2017-07-26,2559.2
2017-07-27,2691.9
2017-07-28,2806.8
2017-07-29,2733.5
2017-07-30,2766.5
2017-07-31,2883.3
2017-08-01,2747.0
2017-08-02,2720.5
2017-08-03,2810.0
2017-08-04,2878.5
2017-08-05,3262.8
2017-08-06,3232.0
2017-08-07,3401.9
2017-08-08,3429.4
2017-08-09,3348.8
2017-08-10,3425.7
2017-08-11,3654.4
2017-08-12,3871.6
2017-08-13,4062.6
2017-08-14,4327.9
2017-08-15,4161.7
2017-08-16,4387.4
2017-08-17,4278.9
2017-08-18,4105.4
2017-08-19,4150.5
2017-08-20,4066.6
2017-08-21,4005.1
2017-08-22,4089.7
2017-08-23,4141.1
2017-08-24,4318.4
2017-08-25,4364.4
2017-08-26,4352.3
2017-08-27,4345.8
2017-08-28,4390.3
2017-08-29,4597.3
2017-08-30,4583.0
2017-08-31,4735.1
2017-09-01,4921.9
2017-09-02,4573.8
2017-09-03,4612.9
2017-09-04,4267.5
2017-09-05,4409.1
2017-09-06,4618.7
2017-09-07,4635.6
2017-09-08,4326.5
2017-09-09,4335.1
2017-09-10,4245.9
2017-09-11,4217.9
2017-09-12,4158.9
2017-09-13,3870.3
2017-09-14,3243.1
2017-09-15,3713.8
2017-09-16,3698.9
2017-09-17,3689.6
2017-09-18,4100.3
2017-09-19,3908.0
2017-09-20,3882.2
2017-09-21,3617.3
2017-09-22,3600.8
2017-09-23,3788.0
2017-09-24,3667.5
2017-09-25,3932.8
2017-09-26,3892.7
2017-09-27,4212.2
2017-09-28,4195.6
2017-09-29,4172.8
2017-09-30,4360.6
2017-10-01,4403.1
2017-10-02,4401.3
2017-10-03,4314.2
2017-10-04,4218.7
2017-10-05,4321.4
2017-10-06,4371.9
2017-10-07,4435.8
2017-10-08,4611.7
2017-10-09,4777.5
2017-10-10,4763.4
2017-10-11,4824.2
2017-10-12,5432.6
2017-10-13,5637.3
2017-10-14,5824.7
2017-10-15,5688.1
2017-10-16,5759.3
2017-10-17,5598.6
2017-10-18,5575.8
2017-10-19,5698.6
2017-10-20,5993.1
2017-10-21,6006.6
2017-10-22,5982.9
2017-10-23,5903.6
2017-10-24,5513.1
2017-10-25,5734.0
2017-10-26,5887.6
2017-10-27,5764.6
2017-10-28,5726.6
2017-10-29,6147.5
2017-10-30,6124.3
2017-10-31,6451.2
2017-11-01,6737.8
2017-11-02,7024.8
2017-11-03,7152.1
2017-11-04,7363.8
2017-11-05,7389.5
2017-11-06,6959.2
2017-11-07,7102.8
2017-11-08,7444.4
2017-11-09,7129.6
2017-11-10,6565.8
2017-11-11,6339.9
2017-11-12,5878.1
2017-11-13,6522.5
2017-11-14,6597.1
2017-11-15,7283.2
2017-11-16,7853.7
2017-11-17,7700.0
2017-11-18,7780.9
2017-11-19,8042.6
2017-11-20,8244.7
2017-11-21,8100.0
2017-11-22,8234.5
2017-11-23,8013.4
2017-11-24,8200.8
2017-11-25,8754.7
2017-11-26,9318.4
2017-11-27,9733.2
2017-11-28,9906.0
2017-11-29,9837.9
2017-11-30,9946.8
2017-12-01,10861.5
2017-12-02,10912.7
2017-12-03,11246.2
2017-12-04,11623.9
2017-12-05,11667.1
2017-12-06,13749.6
2017-12-07,16850.3
2017-12-08,16047.6
2017-12-09,14843.4
2017-12-10,15059.6
2017-12-11,16732.5
2017-12-12,17083.9
2017-12-13,16286.8
2017-12-14,16467.9
2017-12-15,17604.8
2017-12-16,19345.5
2017-12-17,19065.7
2017-12-18,18972.3
2017-12-19,17523.7
2017-12-20,16462.0
2017-12-21,15632.1
2017-12-22,13665.0
2017-12-23,14396.5
2017-12-24,13790.0
2017-12-25,13833.5
2017-12-26,15756.6
2017-12-27,15416.6
2017-12-28,14398.7
2017-12-29,14392.6
2017-12-30,12531.5
2017-12-31,13850.4
2018-01-01,13444.9
2018-01-02,14754.1
2018-01-03,15156.6
2018-01-04,15180.1
2018-01-05,16954.8
2018-01-06,17172.3
2018-01-07,16228.2
2018-01-08,14976.2
2018-01-09,14778.5
2018-01-10,15043.0
2018-01-11,13535.4
2018-01-12,13886.7
2018-01-13,14292.2
2018-01-14,13695.2
2018-01-15,13697.5
2018-01-16,11362.0
2018-01-17,11192.3
2018-01-18,11245.4
2018-01-19,11580.2
2018-01-20,12858.9
2018-01-21,11594.9
2018-01-22,10864.8
2018-01-23,10903.2
2018-01-24,11452.3
2018-01-25,11203.0
2018-01-26,11118.1
2018-01-27,11467.5
2018-01-28,11795.1
2018-01-29,11244.8
2018-01-30,10166.0
2018-01-31,10265.4
2018-02-01,9181.1
2018-02-02,8893.2
2018-02-03,9241.1
2018-02-04,8222.2
2018-02-05,6938.5
2018-02-06,7701.2
2018-02-07,7594.7
2018-02-08,8164.2
2018-02-09,8699.8
2018-02-10,8559.6
2018-02-11,8081.9
2018-02-12,8903.5
2018-02-13,8539.2
2018-02-14,9476.3
2018-02-15,10037.3
2018-02-16,10178.7
2018-02-17,11073.5
2018-02-18,10398.8
2018-02-19,11169.4
2018-02-20,11238.7
2018-02-21,10473.0
2018-02-22,9841.7
2018-02-23,10170.4
2018-02-24,9704.3
2018-02-25,9585.2
2018-02-26,10285.1
2018-02-27,10594.4
2018-02-28,10333.9
2018-03-01,10904.5
2018-03-02,10827.7
2018-03-03,11402.3
2018-03-04,11416.5
2018-03-05,11330.6
2018-03-06,10675.1
2018-03-07,9902.9
2018-03-08,9300.0
2018-03-09,9217.0
2018-03-10,8762.0
2018-03-11,9529.6
2018-03-12,9137.4
2018-03-13,9154.9
2018-03-14,8210.6
2018-03-15,8264.4
2018-03-16,8289.2
2018-03-17,7874.9
2018-03-18,8201.2
2018-03-19,8616.8
2018-03-20,8912.6
2018-03-21,8905.9
2018-03-22,8726.2
2018-03-23,8916.8
2018-03-24,8547.4
2018-03-25,8473.2
2018-03-26,8143.5
2018-03-27,7801.7
2018-03-28,7954.9
2018-03-29,7129.2
2018-03-30,6853.7
2018-03-31,6938.2
2018-04-01,6825.2
2018-04-02,7068.4
2018-04-03,7424.2
2018-04-04,6808.9
2018-04-05,6782.0
2018-04-06,6624.3
2018-04-07,6905.7
2018-04-08,7030.5
2018-04-09,6781.9
2018-04-10,6854.8
2018-04-11,6962.1
2018-04-12,7926.6
2018-04-13,7887.4
2018-04-14,8004.4
2018-04-15,8363.6
2018-04-16,8070.0
2018-04-17,7908.6
2018-04-18,8178.4
2018-04-19,8290.8
2018-04-20,8867.0
2018-04-21,8923.1
2018-04-22,8806.7
2018-04-23,8952.8
2018-04-24,9645.3
2018-04-25,8873.1
2018-04-26,9287.0
2018-04-27,8940.9
2018-04-28,9352.4
2018-04-29,9415.1
2018-04-30,9245.1
2018-05-01,9074.9
2018-05-02,9243.2
2018-05-03,9749.7
2018-05-04,9708.6
2018-05-05,9853.5
2018-05-06,9656.4
2018-05-07,9431.6
2018-05-08,9196.4
2018-05-09,9319.1
2018-05-10,9025.7
2018-05-11,8408.3
2018-05-12,8459.5
2018-05-13,8693.5
2018-05-14,8674.1
2018-05-15,8477.0
2018-05-16,8344.4
2018-05-17,8063.0
2018-05-18,8245.7
2018-05-19,8245.1
2018-05-20,8529.0
2018-05-21,8403.3
2018-05-22,8006.0
2018-05-23,7512.3
2018-05-24,7592.9
2018-05-25,7477.7
2018-05-26,7361.3
2018-05-27,7366.7
2018-05-28,7119.3
2018-05-29,7467.7
2018-05-30,7400.1
2018-05-31,7502.6
2018-06-01,7530.8
2018-06-02,7646.6
2018-06-03,7729.3
2018-06-04,7504.3
2018-06-05,7631.5
2018-06-06,7661.0
2018-06-07,7697.8
2018-06-08,7622.1
2018-06-09,7515.8
2018-06-10,6775.1
2018-06-11,6885.9
2018-06-12,6558.2
2018-06-13,6312.3
2018-06-14,6647.1
2018-06-15,6410.3
2018-06-16,6505.8
2018-06-17,6460.3
2018-06-18,6719.8
2018-06-19,6752.4
2018-06-20,6765.4
2018-06-21,6728.0
2018-06-22,6055.7
2018-06-23,6167.3
2018-06-24,6154.6
2018-06-25,6256.6
2018-06-26,6082.1
2018-06-27,6154.9
2018-06-28,5883.5
2018-06-29,6213.3
2018-06-30,6398.9
2018-07-01,6366.8
2018-07-02,6619.5
2018-07-03,6513.5
2018-07-04,6598.4
2018-07-05,6546.5
2018-07-06,6617.7
2018-07-07,6765.5
2018-07-08,6714.8
2018-07-09,6667.1
2018-07-10,6307.2
2018-07-11,6389.1
2018-07-12,6250.6
2018-07-13,6230.2
2018-07-14,6254.8
2018-07-15,6362.9
2018-07-16,6729.9
2018-07-17,7322.0
2018-07-18,7383.6
2018-07-19,7477.5
2018-07-20,7339.4
2018-07-21,7408.7
2018-07-22,7412.3
2018-07-23,7723.0
2018-07-24,8407.0
2018-07-25,8173.7
2018-07-26,7937.0
2018-07-27,8187.4
2018-07-28,8234.1
2018-07-29,8215.6
2018-07-30,8177.1
2018-07-31,7729.4
2018-08-01,7606.4
2018-08-02,7535.6
2018-08-03,7419.0
2018-08-04,7014.3
2018-08-05,7027.1
2018-08-06,6943.6
2018-08-07,6724.9
2018-08-08,6283.6
2018-08-09,6538.8
2018-08-10,6152.3
2018-08-11,6231.6
2018-08-12,6313.0
2018-08-13,6255.3
2018-08-14,6190.2
2018-08-15,6256.9
2018-08-16,6306.7
2018-08-17,6581.7
2018-08-18,6379.1
2018-08-19,6481.5
2018-08-20,6268.1
2018-08-21,6482.2
2018-08-22,6359.6
2018-08-23,6521.2
2018-08-24,6680.4
2018-08-25,6734.8
2018-08-26,6712.7
2018-08-27,6897.6
2018-08-28,7074.6
2018-08-29,7029.1
2018-08-30,6993.7
2018-08-31,7033.8
2018-09-01,7189.6
2018-09-02,7293.9
2018-09-03,7264.2
2018-09-04,7377.5
2018-09-05,6706.8
2018-09-06,6514.0
2018-09-07,6390.9
2018-09-08,6184.3
2018-09-09,6238.5
2018-09-10,6321.0
2018-09-11,6293.9
2018-09-12,6338.0
2018-09-13,6482.9
2018-09-14,6483.7
2018-09-15,6519.0
2018-09-16,6500.2
2018-09-17,6251.9
2018-09-18,6342.0
2018-09-19,6390.4
2018-09-20,6489.2
2018-09-21,6766.7
2018-09-22,6729.6
2018-09-23,6704.1
2018-09-24,6584.1
2018-09-25,6445.1
2018-09-26,6468.1
2018-09-27,6689.2
2018-09-28,6636.0
2018-09-29,6603.9
2018-09-30,6635.2
2018-10-01,6608.2
2018-10-02,6549.9
2018-10-03,6507.8
2018-10-04,6584.2
2018-10-05,6639.1
2018-10-06,6596.3
2018-10-07,6611.0
2018-10-08,6669.6
2018-10-09,6650.8
2018-10-10,6618.0
2018-10-11,6239.1
2018-10-12,6291.3
2018-10-13,6321.7
2018-10-14,6326.8
2018-10-15,6699.8
2018-10-16,6705.3
2018-10-17,6686.6
2018-10-18,6574.1
2018-10-19,6512.0
2018-10-20,6572.2
2018-10-21,6583.0
2018-10-22,6555.8
2018-10-23,6528.7
2018-10-24,6530.7
2018-10-25,6507.0
2018-10-26,6510.0
2018-10-27,6494.2
2018-10-28,6486.1
2018-10-29,6335.0
2018-10-30,6325.7
2018-10-31,6365.9
2018-11-01,6400.5
2018-11-02,6424.7
2018-11-03,6386.2
2018-11-04,6478.2
2018-11-05,6459.7
2018-11-06,6502.8
2018-11-07,6565.3
2018-11-08,6474.0
2018-11-09,6412.0
2018-11-10,6427.1
2018-11-11,6446.1
2018-11-12,6435.0
2018-11-13,6429.2
2018-11-14,5842.4
2018-11-15,5718.9
2018-11-16,5636.2
2018-11-17,5621.8
2018-11-18,5658.3
2018-11-19,4883.8
2018-11-20,4524.6
2018-11-21,4638.7
2018-11-22,4356.0
2018-11-23,4398.0
2018-11-24,3920.4
2018-11-25,4062.2
2018-11-26,3837.0
2018-11-27,3866.5
2018-11-28,4265.4
2018-11-29,4296.5
2018-11-30,4039.7
2018-12-01,4196.2
2018-12-02,4160.4
2018-12-03,3897.8
2018-12-04,3958.5
2018-12-05,3771.6
2018-12-06,3508.6
2018-12-07,3422.2
2018-12-08,3430.4
2018-12-09,3567.5
2018-12-10,3460.5
2018-12-11,3407.7
2018-12-12,3466.1
2018-12-13,3315.3
2018-12-14,3247.8
2018-12-15,3228.7
2018-12-16,3247.9
2018-12-17,3526.1
2018-12-18,3668.0
2018-12-19,3687.1
2018-12-20,4076.0
2018-12-21,3850.9
2018-12-22,3964.4
2018-12-23,3944.4
2018-12-24,4026.1
2018-12-25,3762.5
2018-12-26,3793.7
2018-12-27,3586.9
2018-12-28,3861.6
2018-12-29,3706.8
2018-12-30,3815.0
2018-12-31,3709.4
2019-01-01,3809.4
2019-01-02,3873.8
2019-01-03,3780.1
2019-01-04,3802.7
2019-01-05,3785.4
2019-01-06,4004.1
2019-01-07,3985.9
2019-01-08,3971.0
2019-01-09,3978.0
2019-01-10,3603.7
2019-01-11,3616.5
2019-01-12,3597.2
2019-01-13,3490.2
2019-01-14,3638.1
2019-01-15,3571.3
2019-01-16,3588.0
2019-01-17,3626.4
2019-01-18,3605.6
2019-01-19,3677.8
2019-01-20,3542.3
2019-01-21,3536.7
2019-01-22,3580.1
2019-01-23,3561.5
2019-01-24,3574.3
2019-01-25,3572.0
2019-01-26,3570.9
2019-01-27,3555.6
2019-01-28,3442.8
2019-01-29,3414.8
2019-01-30,3460.0
2019-01-31,3437.2
2019-02-01,3467.9
2019-02-02,3502.5
2019-02-03,3459.1
2019-02-04,3462.8
2019-02-05,3468.4
2019-02-06,3404.3
2019-02-07,3397.7
2019-02-08,3661.7
2019-02-09,3661.4
2019-02-10,3679.0
2019-02-11,3631.8
2019-02-12,3632.0
2019-02-13,3611.5
2019-02-14,3592.6
2019-02-15,3604.7
2019-02-16,3616.8
2019-02-17,3664.2
2019-02-18,3896.0
2019-02-19,3914.3
2019-02-20,3972.4
2019-02-21,3936.6
2019-02-22,3965.2
2019-02-23,4120.4
2019-02-24,3755.2
2019-02-25,3833.7
2019-02-26,3810.3
2019-02-27,3814.6
2019-02-28,3816.6
2019-03-01,3821.9
2019-03-02,3823.1
2019-03-03,3809.5
2019-03-04,3715.9
2019-03-05,3857.2
2019-03-06,3863.0
2019-03-07,3875.1
2019-03-08,3865.9
2019-03-09,3944.3
2019-03-10,3915.2
2019-03-11,3870.3
2019-03-12,3886.0
2019-03-13,3865.1
2019-03-14,3879.0
2019-03-15,3924.3
2019-03-16,4006.4
2019-03-17,3981.5
2019-03-18,3990.2
2019-03-19,4017.0
2019-03-20,4041.2
2019-03-21,3982.2
2019-03-22,3990.4
2019-03-23,4002.5
2019-03-24,3994.7
2019-03-25,3937.0
2019-03-26,3942.8
2019-03-27,4041.7
2019-03-28,4025.6
2019-03-29,4102.2
2019-03-30,4111.8
2019-03-31,4102.3
2019-04-01,4145.1
2019-04-02,4859.3
2019-04-03,4968.7
2019-04-04,4902.4
2019-04-05,5010.2
2019-04-06,5046.2
2019-04-07,5173.6
2019-04-08,5245.2
2019-04-09,5158.4
2019-04-10,5307.8
2019-04-11,5022.6
2019-04-12,5054.2
2019-04-13,5051.8
2019-04-14,5134.8
2019-04-15,5032.3
2019-04-16,5180.9
2019-04-17,5208.3
2019-04-18,5264.7
2019-04-19,5241.0
2019-04-20,5290.2
2019-04-21,5243.5
2019-04-22,5346.7
2019-04-23,5511.6
2019-04-24,5415.6
2019-04-25,5209.1
2019-04-26,5298.3
2019-04-27,5265.9
2019-04-28,5302.3
2019-04-29,5235.0
2019-04-30,5320.8
2019-05-01,5384.2
2019-05-02,5493.8
2019-05-03,5766.8
2019-05-04,5830.9
2019-05-05,5774.9
2019-05-06,5745.1
2019-05-07,5849.5
2019-05-08,5990.3
2019-05-09,6191.5
2019-05-10,6386.0
2019-05-11,7190.3
2019-05-12,6984.8
2019-05-13,7806.0
2019-05-14,7994.6
2019-05-15,8164.6
2019-05-16,7871.8
2019-05-17,7359.5
2019-05-18,7262.6
2019-05-19,8157.2
2019-05-20,7965.3
2019-05-21,7930.3
2019-05-22,7635.7
2019-05-23,7852.1
2019-05-24,7970.1
2019-05-25,8027.4
2019-05-26,8630.2
2019-05-27,8760.1
2019-05-28,8716.3
2019-05-29,8647.8
2019-05-30,8271.9
2019-05-31,8558.3
2019-06-01,8545.7
2019-06-02,8728.6
2019-06-03,8124.8
2019-06-04,7685.5
2019-06-05,7779.1
2019-06-06,7784.9
2019-06-07,7985.2
2019-06-08,7901.4
2019-06-09,7635.0
2019-06-10,7987.8
2019-06-11,7888.0
2019-06-12,8133.1
2019-06-13,8219.0
2019-06-14,8656.1
2019-06-15,8812.5
2019-06-16,8962.5
2019-06-17,9318.8
2019-06-18,9080.6
2019-06-19,9255.4
2019-06-20,9517.0
2019-06-21,10179.3
2019-06-22,10721.7
2019-06-23,10897.1
2019-06-24,11046.4
2019-06-25,11809.9
2019-06-26,13063.8
2019-06-27,11287.8
2019-06-28,12409.1
2019-06-29,11906.5
2019-06-30,10818.6
2019-07-01,10616.6
2019-07-02,10835.9
2019-07-03,11900.8
2019-07-04,11163.1
2019-07-05,10970.2
2019-07-06,11268.0
2019-07-07,11415.9
2019-07-08,12252.6
2019-07-09,12541.5
2019-07-10,12110.6
2019-07-11,11342.3
2019-07-12,11762.1
2019-07-13,11364.9
2019-07-14,10200.1
2019-07-15,10845.9
2019-07-16,9424.8
2019-07-17,9723.2
2019-07-18,10651.4
2019-07-19,10571.5
2019-07-20,10826.7
2019-07-21,10714.4
2019-07-22,10412.5
2019-07-23,9888.7
2019-07-24,9804.3
2019-07-25,9945.3
2019-07-26,9831.0
2019-07-27,9492.1
2019-07-28,9727.8
2019-07-29,9580.9
2019-07-30,9580.7
2019-07-31,10082.0
2019-08-01,10380.0
2019-08-02,10520.1
2019-08-03,10815.7
2019-08-04,10934.6
2019-08-05,11816.8
2019-08-06,11480.9
2019-08-07,12013.9
2019-08-08,12191.6
2019-08-09,12089.8
2019-08-10,11314.5
2019-08-11,11517.2
2019-08-12,11394.2
2019-08-13,10892.9
2019-08-14,10049.4
2019-08-15,10303.4
2019-08-16,10335.6
2019-08-17,10218.1
2019-08-18,10312.7
2019-08-19,10910.7
2019-08-20,10752.6
2019-08-21,10141.5
2019-08-22,10105.0
2019-08-23,10388.7
2019-08-24,10131.0
2019-08-25,10136.3
2019-08-26,10371.8
2019-08-27,10184.8
2019-08-28,9729.4
2019-08-29,9491.0
2019-08-30,9585.4
2019-08-31,9594.4
2019-09-01,9729.3
2019-09-02,10348.8
2019-09-03,10612.3
2019-09-04,10568.2
2019-09-05,10566.9
2019-09-06,10309.3
2019-09-07,10461.1
2019-09-08,10402.8
2019-09-09,10309.0
2019-09-10,10105.4
2019-09-11,10162.5
2019-09-12,10415.1
2019-09-13,10342.1
2019-09-14,10337.3
2019-09-15,10311.5
2019-09-16,10255.5
2019-09-17,10195.7
2019-09-18,10164.7
2019-09-19,10250.5
2019-09-20,10172.7
2019-09-21,9993.0
2019-09-22,10031.6
2019-09-23,9702.2
2019-09-24,8513.9
2019-09-25,8432.4
2019-09-26,8063.8
2019-09-27,8184.9
2019-09-28,8208.5
2019-09-29,8049.1
2019-09-30,8284.3
2019-10-01,8302.7
2019-10-02,8364.1
2019-10-03,8226.9
2019-10-04,8148.1
2019-10-05,8127.3
2019-10-06,7881.9
2019-10-07,8198.6
2019-10-08,8182.9
2019-10-09,8566.7
2019-10-10,8562.3
2019-10-11,8267.8
2019-10-12,8304.4
2019-10-13,8281.5
2019-10-14,8353.3
2019-10-15,8167.2
2019-10-16,8000.4
2019-10-17,8073.3
2019-10-18,7948.5
2019-10-19,7957.3
2019-10-20,8223.4
2019-10-21,8208.2
2019-10-22,8031.4
2019-10-23,7477.0
2019-10-24,7422.7
2019-10-25,8658.3
2019-10-26,9230.6
2019-10-27,9529.6
2019-10-28,9207.2
2019-10-29,9411.3
2019-10-30,9157.9
2019-10-31,9152.6
2019-11-01,9230.1
2019-11-02,9300.6
2019-11-03,9198.3
2019-11-04,9396.4
2019-11-05,9310.8
2019-11-06,9338.9
2019-11-07,9223.5
2019-11-08,8778.2
2019-11-09,8804.5
2019-11-10,9036.8
2019-11-11,8736.9
2019-11-12,8812.6
2019-11-13,8783.1
2019-11-14,8661.2
2019-11-15,8476.3
2019-11-16,8497.3
2019-11-17,8509.8
2019-11-18,8208.4
2019-11-19,8145.7
2019-11-20,8099.3
2019-11-21,7627.9
2019-11-22,7272.5
2019-11-23,7324.1
2019-11-24,6924.7
2019-11-25,7115.6
2019-11-26,7162.8
2019-11-27,7510.6
2019-11-28,7426.7
2019-11-29,7742.7
2019-11-30,7546.6
2019-12-01,7396.4
2019-12-02,7298.2
2019-12-03,7291.8
2019-12-04,7204.4
2019-12-05,7399.2
2019-12-06,7530.8
2019-12-07,7510.9
2019-12-08,7524.4
2019-12-09,7355.8
2019-12-10,7235.7
2019-12-11,7208.0
2019-12-12,7208.0
2019-12-13,7255.2
2019-12-14,7080.8
2019-12-15,7128.5
2019-12-16,6903.5
2019-12-17,6613.3
2019-12-18,7276.0
2019-12-19,7165.5
2019-12-20,7196.4
2019-12-21,7156.2
2019-12-22,7495.8
2019-12-23,7322.8
2019-12-24,7268.3
2019-12-25,7224.8
2019-12-26,7210.9
2019-12-27,7261.7
2019-12-28,7321.5
2019-12-29,7397.5
2019-12-30,7261.8
2019-12-31,7196.4
2020-01-01,7199.8
2020-01-02,6967.0
2020-01-03,7343.1
2020-01-04,7376.8
2020-01-05,7372.5
2020-01-06,7759.1
2020-01-07,8155.7
2020-01-08,8059.6
2020-01-09,7842.4
2020-01-10,8187.1
2020-01-11,8024.1
2020-01-12,8187.6
2020-01-13,8111.4
2020-01-14,8829.2
2020-01-15,8818.3
2020-01-16,8726.9
2020-01-17,8913.1
2020-01-18,8916.3
2020-01-19,8706.2
2020-01-20,8641.9
2020-01-21,8732.6
2020-01-22,8678.5
2020-01-23,8405.1
2020-01-24,8439.9
2020-01-25,8341.6
2020-01-26,8607.8
2020-01-27,8866.6
2020-01-28,9377.3
2020-01-29,9298.9
2020-01-30,9507.3
2020-01-31,9349.1
2020-02-01,9381.6
2020-02-02,9334.9
2020-02-03,9296.6
2020-02-04,9193.9
2020-02-05,9611.8
2020-02-06,9772.0
2020-02-07,9818.6
2020-02-08,9895.5
2020-02-09,10151.5
2020-02-10,9854.1
2020-02-11,10229.5
2020-02-12,10317.7
2020-02-13,10235.1
2020-02-14,10333.0
2020-02-15,9907.7
2020-02-16,9932.3
2020-02-17,9701.4
2020-02-18,10158.4
2020-02-19,9609.4
2020-02-20,9602.4
2020-02-21,9684.5
2020-02-22,9655.7
2020-02-23,9942.7
2020-02-24,9662.7
2020-02-25,9317.2
2020-02-26,8800.3
2020-02-27,8818.6
2020-02-28,8697.5
2020-02-29,8543.7
2020-03-01,8540.0
2020-03-02,8904.8
2020-03-03,8761.4
2020-03-04,8757.9
2020-03-05,9060.3
2020-03-06,9134.8
2020-03-07,8887.8
2020-03-08,8034.1
2020-03-09,7933.0
2020-03-10,7891.2
2020-03-11,7935.1
2020-03-12,4826.0
2020-03-13,5584.3
2020-03-14,5182.7
2020-03-15,5366.3
2020-03-16,5030.0
2020-03-17,5261.1
2020-03-18,5361.4
2020-03-19,6172.0
2020-03-20,6205.3
2020-03-21,6186.2
2020-03-22,5822.1
2020-03-23,6468.9
2020-03-24,6744.6
2020-03-25,6678.9
2020-03-26,6725.1
2020-03-27,6373.4
2020-03-28,6233.7
2020-03-29,5890.4
2020-03-30,6391.0
2020-03-31,6412.5
2020-04-01,6638.5
2020-04-02,6800.5
2020-04-03,6735.9
2020-04-04,6857.4
2020-04-05,6772.7
2020-04-06,7332.3
2020-04-07,7185.2
2020-04-08,7361.2
2020-04-09,7289.0
2020-04-10,6863.1
2020-04-11,6867.8
2020-04-12,6917.6
2020-04-13,6841.3
2020-04-14,6850.9
2020-04-15,6629.1
2020-04-16,7085.6
2020-04-17,7035.8
2020-04-18,7230.8
2020-04-19,7122.9
2020-04-20,6833.5
2020-04-21,6842.5
2020-04-22,7112.9
2020-04-23,7488.5
2020-04-24,7503.8
2020-04-25,7540.4
2020-04-26,7678.9
2020-04-27,7766.0
2020-04-28,7746.9
2020-04-29,8770.9
2020-04-30,8629.0
2020-05-01,8821.6
2020-05-02,8966.3
2020-05-03,8885.5
2020-05-04,8874.7
2020-05-05,9001.0
2020-05-06,9151.4
2020-05-07,9979.8
2020-05-08,9806.2
2020-05-09,9554.6
2020-05-10,8738.8
2020-05-11,8579.8
2020-05-12,8813.8
2020-05-13,9298.7
2020-05-14,9778.4
2020-05-15,9318.0
2020-05-16,9379.5
2020-05-17,9677.7
2020-05-18,9730.7
2020-05-19,9773.3
2020-05-20,9512.3
2020-05-21,9059.0
2020-05-22,9169.7
2020-05-23,9177.0
2020-05-24,8728.2
2020-05-25,8898.2
2020-05-26,8842.5
2020-05-27,9199.1
2020-05-28,9572.2
2020-05-29,9424.8
2020-05-30,9692.5
2020-05-31,9454.8
2020-06-01,10189.3
2020-06-02,9527.6
2020-06-03,9667.2
2020-06-04,9794.4
2020-06-05,9631.2
2020-06-06,9669.6
2020-06-07,9742.6
2020-06-08,9777.9
2020-06-09,9768.8
2020-06-10,9878.8
2020-06-11,9283.2
2020-06-12,9466.6
2020-06-13,9471.3
2020-06-14,9345.3
2020-06-15,9425.4
2020-06-16,9523.5
2020-06-17,9464.6
2020-06-18,9388.1
2020-06-19,9314.0
2020-06-20,9358.8
2020-06-21,9296.4
2020-06-22,9683.7
2020-06-23,9624.6
2020-06-24,9302.0
2020-06-25,9247.5
2020-06-26,9160.0
2020-06-27,9008.3
2020-06-28,9124.0
2020-06-29,9185.4
2020-06-30,9135.4
2020-07-01,9229.9
2020-07-02,9085.1
2020-07-03,9067.1
2020-07-04,9134.4
2020-07-05,9081.0
2020-07-06,9339.0
2020-07-07,9256.0
2020-07-08,9429.9
2020-07-09,9235.7
2020-07-10,9285.1
2020-07-11,9233.3
2020-07-12,9300.8
2020-07-13,9243.6
2020-07-14,9253.4
2020-07-15,9198.7
2020-07-16,9135.3
2020-07-17,9155.8
2020-07-18,9170.2
2020-07-19,9208.0
2020-07-20,9162.4
2020-07-21,9387.3
2020-07-22,9513.7
2020-07-23,9599.6
2020-07-24,9546.4
2020-07-25,9704.1
2020-07-26,9932.5
2020-07-27,11022.8
2020-07-28,10908.5
2020-07-29,11105.9
2020-07-30,11096.2
2020-07-31,11333.4
2020-08-01,11803.1
2020-08-02,11066.8
2020-08-03,11224.4
2020-08-04,11184.7
2020-08-05,11735.1
2020-08-06,11757.1
2020-08-07,11592.0
2020-08-08,11764.3
2020-08-09,11681.2
2020-08-10,11889.2
2020-08-11,11390.4
2020-08-12,11557.2
2020-08-13,11770.9
2020-08-14,11750.8
2020-08-15,11845.3
2020-08-16,11899.0
2020-08-17,12282.6
2020-08-18,11947.6
2020-08-19,11750.2
2020-08-20,11856.9
2020-08-21,11529.2
2020-08-22,11661.3
2020-08-23,11641.6
2020-08-24,11753.5
2020-08-25,11324.8
2020-08-26,11462.3
2020-08-27,11327.4
2020-08-28,11527.4
2020-08-29,11468.1
2020-08-30,11702.0
2020-08-31,11644.2
2020-09-01,11914.9
2020-09-02,11413.3
2020-09-03,10168.8
2020-09-04,10472.5
2020-09-05,10092.2
2020-09-06,10296.4
2020-09-07,10376.9
2020-09-08,10126.6
2020-09-09,10224.6
2020-09-10,10339.7
2020-09-11,10390.2
2020-09-12,10441.9
2020-09-13,10326.0
2020-09-14,10675.3
2020-09-15,10785.3
2020-09-16,10949.5
2020-09-17,10941.3
2020-09-18,10933.0
2020-09-19,11081.8
2020-09-20,10921.5
2020-09-21,10416.8
2020-09-22,10531.5
2020-09-23,10237.3
2020-09-24,10739.4
2020-09-25,10688.8
2020-09-26,10727.9
2020-09-27,10776.2
2020-09-28,10693.2
2020-09-29,10840.9
2020-09-30,10776.1
2020-10-01,10620.5
2020-10-02,10572.3
2020-10-03,10544.2
2020-10-04,10672.9
2020-10-05,10789.5
2020-10-06,10602.6
2020-10-07,10670.9
2020-10-08,10924.1
2020-10-09,11054.2
2020-10-10,11298.4
2020-10-11,11371.0
2020-10-12,11533.9
2020-10-13,11423.8
2020-10-14,11420.4
2020-10-15,11503.0
2020-10-16,11322.0
2020-10-17,11362.1
2020-10-18,11506.9
2020-10-19,11753.4
2020-10-20,11913.5
2020-10-21,12808.7
2020-10-22,12974.6
2020-10-23,12934.1
2020-10-24,13117.2
2020-10-25,13032.2
2020-10-26,13061.6
2020-10-27,13657.8
2020-10-28,13278.9
2020-10-29,13457.2
2020-10-30,13559.9
2020-10-31,13797.3
2020-11-01,13759.4
2020-11-02,13561.4
2020-11-03,14019.9
2020-11-04,14145.6
2020-11-05,15587.1
2020-11-06,15577.9
2020-11-07,14828.4
2020-11-08,15483.7
2020-11-09,15327.2
2020-11-10,15303.6
2020-11-11,15695.8
2020-11-12,16294.7
2020-11-13,16324.2
2020-11-14,16071.0
2020-11-15,15953.0
2020-11-16,16715.8
2020-11-17,17662.3
2020-11-18,17774.6
2020-11-19,17803.5
2020-11-20,18675.2
2020-11-21,18687.2
2020-11-22,18412.9
2020-11-23,18379.6
2020-11-24,19152.6
2020-11-25,18723.0
2020-11-26,17162.0
2020-11-27,17127.1
2020-11-28,17730.7
2020-11-29,18185.5
2020-11-30,19698.1
2020-12-01,18770.7
2020-12-02,19218.8
2020-12-03,19433.3
2020-12-04,18658.1
2020-12-05,19146.5
2020-12-06,19379.9
2020-12-07,19170.7
2020-12-08,18326.6
2020-12-09,18546.0
2020-12-10,18247.2
2020-12-11,18023.6
2020-12-12,18808.9
2020-12-13,19176.8
2020-12-14,19273.8
2020-12-15,19434.9
2020-12-16,21352.2
2020-12-17,22825.4
2020-12-18,23127.9
2020-12-19,23844.0
2020-12-20,23474.9
2020-12-21,22728.5
2020-12-22,23823.2
2020-12-23,23257.9
2020-12-24,23736.5
2020-12-25,24689.6
2020-12-26,26454.4
2020-12-27,26261.3
2020-12-28,27057.8
2020-12-29,27376.0
2020-12-30,28868.7
2020-12-31,28949.4
2021-01-01,29359.9
2021-01-02,32193.3
2021-01-03,32958.9
2021-01-04,32022.6
2021-01-05,33991.5
2021-01-06,36793.2
2021-01-07,39460.2
2021-01-08,40599.3
2021-01-09,40151.9
2021-01-10,38192.2
2021-01-11,35544.3
2021-01-12,34076.1
2021-01-13,37382.2
2021-01-14,39175.7
2021-01-15,36845.8
2021-01-16,36019.5
2021-01-17,35839.6
2021-01-18,36613.2
2021-01-19,36002.9
2021-01-20,35476.3
2021-01-21,30842.1
2021-01-22,33000.5
2021-01-23,32088.9
2021-01-24,32241.3
2021-01-25,32252.3
2021-01-26,32502.1
2021-01-27,30404.0
2021-01-28,33374.8
2021-01-29,34301.8
2021-01-30,34283.1
2021-01-31,33108.1
2021-02-01,33515.7
2021-02-02,35485.2
2021-02-03,37646.8
2021-02-04,36982.1
2021-02-05,38297.6
2021-02-06,39256.6
2021-02-07,38852.9
2021-02-08,46395.7
2021-02-09,46508.6
2021-02-10,44836.0
2021-02-11,47990.7
2021-02-12,47371.7
2021-02-13,47168.7
2021-02-14,48643.4
2021-02-15,47936.3
2021-02-16,49169.7
2021-02-17,52079.2
2021-02-18,51582.2
2021-02-19,55906.6
2021-02-20,55923.7
2021-02-21,57433.8
2021-02-22,54111.8
2021-02-23,48911.2
2021-02-24,49697.5
2021-02-25,46928.5
2021-02-26,46345.6
2021-02-27,46136.7
2021-02-28,45164.0
2021-03-01,49595.5
2021-03-02,48424.2
2021-03-03,50395.1
2021-03-04,48428.0
2021-03-05,48792.5
2021-03-06,48855.6
2021-03-07,50982.3
2021-03-08,52311.0
2021-03-09,54879.0
2021-03-10,55851.9
2021-03-11,57799.5
2021-03-12,57265.1
2021-03-13,61195.3
2021-03-14,59113.7
2021-03-15,55791.3
2021-03-16,56889.7
2021-03-17,58913.5
2021-03-18,57656.0
2021-03-19,58088.0
2021-03-20,58093.4
2021-03-21,57383.8
2021-03-22,54158.3
2021-03-23,54452.5
2021-03-24,52325.4
2021-03-25,51322.3
2021-03-26,55036.1
2021-03-27,55862.9
2021-03-28,55765.2
2021-03-29,57616.2
2021-03-30,58771.3
2021-03-31,58763.7
2021-04-01,58718.3
2021-04-02,58977.3
2021-04-03,57059.9
2021-04-04,58199.9
2021-04-05,58993.4
2021-04-06,57996.3
2021-04-07,55948.7
2021-04-08,58077.4
2021-04-09,58118.7
2021-04-10,59748.4
2021-04-11,59978.7
2021-04-12,59863.8
2021-04-13,63540.9
2021-04-14,62980.4
2021-04-15,63216.0
2021-04-16,61379.7
2021-04-17,60041.9
2021-04-18,56207.1
2021-04-19,55646.1
2021-04-20,56483.2
2021-04-21,53820.2
2021-04-22,51729.5
2021-04-23,51143.6
2021-04-24,50088.9
2021-04-25,48963.6
2021-04-26,54020.5
2021-04-27,55036.5
2021-04-28,54841.4
2021-04-29,53560.8
2021-04-30,57720.3
2021-05-01,57807.1
2021-05-02,56603.8
2021-05-03,57169.8
2021-05-04,53741.5
2021-05-05,57441.3
2021-05-06,56405.4
2021-05-07,57337.2
2021-05-08,58840.1
2021-05-09,58238.3
2021-05-10,55848.9
2021-05-11,56695.7
2021-05-12,49384.2
2021-05-13,49704.6
2021-05-14,49839.8
2021-05-15,46708.8
2021-05-16,46426.4
2021-05-17,43541.3
2021-05-18,42897.3
2021-05-19,36720.5
2021-05-20,40717.2
2021-05-21,37297.4
2021-05-22,37448.3
2021-05-23,34679.7
2021-05-24,38750.6
2021-05-25,38378.3
2021-05-26,39249.2
2021-05-27,38417.3
2021-05-28,35662.5
2021-05-29,34584.6
2021-05-30,35652.8
2021-05-31,37298.6
2021-06-01,36687.6
2021-06-02,37555.8
2021-06-03,39187.3
2021-06-04,36851.3
2021-06-05,35520.0
2021-06-06,35815.4
2021-06-07,33578.0
2021-06-08,33382.9
2021-06-09,37332.2
2021-06-10,36649.4
2021-06-11,37314.6
2021-06-12,35467.5
2021-06-13,39022.9
2021-06-14,40529.4
2021-06-15,40156.1
2021-06-16,38336.0
2021-06-17,38052.0
2021-06-18,35749.4
2021-06-19,35513.4
2021-06-20,35595.8
2021-06-21,31692.0
2021-06-22,32496.4
2021-06-23,33674.3
2021-06-24,34665.8
2021-06-25,31594.0
2021-06-26,32243.4
2021-06-27,34678.5
2021-06-28,34475.9
2021-06-29,35834.7
2021-06-30,35026.9
2021-07-01,33543.6
2021-07-02,33813.4
2021-07-03,34742.8
2021-07-04,35298.2
2021-07-05,33687.8
2021-07-06,34225.6
2021-07-07,33867.8
2021-07-08,32866.3
2021-07-09,33797.4
2021-07-10,33510.6
2021-07-11,34227.7
2021-07-12,33113.0
2021-07-13,32728.1
2021-07-14,32820.7
2021-07-15,31840.5
2021-07-16,31394.0
2021-07-17,31518.6
2021-07-18,31785.4
2021-07-19,30837.2
2021-07-20,29793.8
2021-07-21,32131.4
2021-07-22,32298.9
2021-07-23,33603.3
2021-07-24,33824.8
2021-07-25,35391.1
2021-07-26,37276.6
2021-07-27,39452.0
2021-07-28,40003.2
2021-07-29,40001.4
2021-07-30,42203.4
2021-07-31,41553.7
2021-08-01,39878.3
2021-08-02,39168.4
2021-08-03,38130.3
2021-08-04,39736.9
2021-08-05,40867.2
2021-08-06,42795.4
2021-08-07,44614.2
2021-08-08,43792.8
2021-08-09,46284.3
2021-08-10,45593.8
2021-08-11,45564.3
2021-08-12,44403.4
2021-08-13,47809.1
2021-08-14,47081.5
2021-08-15,46991.3
2021-08-16,45996.3
2021-08-17,44691.6
2021-08-18,44723.8
2021-08-19,46755.9
2021-08-20,49324.0
2021-08-21,48875.8
2021-08-22,49254.5
2021-08-23,49539.7
2021-08-24,47714.7
2021-08-25,48994.5
2021-08-26,46831.6
2021-08-27,49064.3
2021-08-28,48897.1
2021-08-29,48777.4
2021-08-30,46992.7
2021-08-31,47130.4
2021-09-01,48819.4
2021-09-02,49274.3
2021-09-03,49999.0
2021-09-04,49918.4
2021-09-05,51768.6
2021-09-06,52672.1
2021-09-07,46779.6
2021-09-08,46061.4
2021-09-09,46385.6
2021-09-10,44842.8
2021-09-11,45161.9
2021-09-12,46062.3
2021-09-13,44949.5
2021-09-14,47077.5
2021-09-15,48130.6
2021-09-16,47748.0
2021-09-17,47282.8
2021-09-18,48306.7
2021-09-19,47238.7
2021-09-20,42870.6
2021-09-21,40651.3
2021-09-22,43551.6
2021-09-23,44869.2
2021-09-24,42819.9
2021-09-25,42686.8
2021-09-26,43203.4
2021-09-27,42172.6
2021-09-28,41022.3
2021-09-29,41536.8
2021-09-30,43823.3
2021-10-01,48146.0
2021-10-02,47666.9
2021-10-03,48200.1
2021-10-04,49227.3
2021-10-05,51469.3
2021-10-06,55323.2
2021-10-07,53783.9
2021-10-08,53914.7
2021-10-09,54942.5
2021-10-10,54687.7
2021-10-11,57477.3
2021-10-12,56015.9
2021-10-13,57380.1
2021-10-14,57345.8
2021-10-15,61672.5
2021-10-16,60861.1
2021-10-17,61527.5
2021-10-18,62056.3
2021-10-19,64278.5
2021-10-20,65979.1
2021-10-21,62210.2
2021-10-22,60690.3
2021-10-23,61312.5
2021-10-24,60866.5
2021-10-25,63067.0
2021-10-26,60310.8
2021-10-27,58438.1
2021-10-28,60582.5
2021-10-29,62242.8
2021-10-30,61840.1
2021-10-31,61309.6
2021-11-01,60915.3
2021-11-02,63221.7
2021-11-03,62918.5
2021-11-04,61412.6
2021-11-05,60974.3
2021-11-06,61483.9
2021-11-07,63273.2
2021-11-08,67527.9
2021-11-09,66904.4
2021-11-10,64932.6
2021-11-11,64806.7
2021-11-12,64134.5
2021-11-13,64398.6
2021-11-14,65508.2
2021-11-15,63597.9
2021-11-16,60089.1
2021-11-17,60367.8
2021-11-18,56955.3
2021-11-19,58083.4
2021-11-20,59717.6
2021-11-21,58714.3
2021-11-22,56308.8
2021-11-23,57573.2
2021-11-24,57171.7
2021-11-25,58935.1
2021-11-26,53730.9
2021-11-27,54765.9
2021-11-28,57291.5
2021-11-29,57794.8
2021-11-30,56882.9
2021-12-01,57210.3
2021-12-02,56496.0
2021-12-03,53631.5
2021-12-04,49195.2
2021-12-05,49405.5
2021-12-06,50562.1
2021-12-07,50595.2
2021-12-08,50473.9
2021-12-09,47596.6
2021-12-10,47137.2
2021-12-11,49314.5
2021-12-12,50081.0
2021-12-13,46703.6
2021-12-14,48366.5
2021-12-15,48871.5
2021-12-16,47628.2
2021-12-17,46172.2
2021-12-18,46856.2
2021-12-19,46704.5
2021-12-20,46895.2
2021-12-21,48902.0
2021-12-22,48599.7
2021-12-23,50801.0
2021-12-24,50786.1
2021-12-25,50406.4
2021-12-26,50779.9
2021-12-27,50678.2
2021-12-28,47545.2
2021-12-29,46461.7
2021-12-30,47123.3
2021-12-31,46219.5
2022-01-01,47738.0
2022-01-02,47311.8
2022-01-03,46430.2
2022-01-04,45837.3
2022-01-05,43425.9
2022-01-06,43097.5
2022-01-07,41546.7
2022-01-08,41672.0
2022-01-09,41848.3
2022-01-10,41832.2
2022-01-11,42733.2
2022-01-12,43901.0
2022-01-13,42560.0
2022-01-14,43073.3
2022-01-15,43097.0
2022-01-16,43079.1
2022-01-17,42209.3
2022-01-18,42364.6
2022-01-19,41677.8
2022-01-20,40715.9
2022-01-21,36475.5
2022-01-22,35075.2
2022-01-23,36269.5
2022-01-24,36686.3
2022-01-25,36950.6
2022-01-26,36800.4
2022-01-27,37164.3
2022-01-28,37745.1
2022-01-29,38170.8
2022-01-30,37917.7
2022-01-31,38498.6
2022-02-01,38709.7
2022-02-02,36890.2
2022-02-03,37287.8
2022-02-04,41567.6
2022-02-05,41412.1
2022-02-06,42392.2
2022-02-07,43833.9
2022-02-08,44038.2
2022-02-09,44388.9
2022-02-10,43521.0
2022-02-11,42388.4
2022-02-12,42205.2
2022-02-13,42061.1
2022-02-14,42550.3
2022-02-15,44544.4
2022-02-16,43883.6
2022-02-17,40552.8
2022-02-18,40000.1
2022-02-19,40090.3
2022-02-20,38355.0
2022-02-21,37017.7
2022-02-22,38248.2
2022-02-23,37224.6
2022-02-24,38339.2
2022-02-25,39209.6
2022-02-26,39115.5
2022-02-27,37689.1
2022-02-28,43188.2
2022-03-01,44420.3
2022-03-02,43912.8
2022-03-03,42463.0
2022-03-04,39142.7
2022-03-05,39395.8
2022-03-06,38403.1
2022-03-07,38024.8
2022-03-08,38744.8
2022-03-09,41929.0
2022-03-10,39416.3
2022-03-11,38730.2
2022-03-12,38814.3
2022-03-13,37792.4
2022-03-14,39671.1
2022-03-15,39285.7
2022-03-16,41118.7
2022-03-17,40914.8
2022-03-18,41767.8
2022-03-19,42233.0
2022-03-20,41276.0
2022-03-21,41022.0
2022-03-22,42373.0
2022-03-23,42912.0
2022-03-24,44013.0
2022-03-25,44331.0
2022-03-26,44548.0
2022-03-27,46859.0
2022-03-28,47105.0
2022-03-29,47449.0
2022-03-30,47075.0
2022-03-31,45525.0
2022-04-01,46297.0
2022-04-02,45811.0
2022-04-03,46407.0
2022-04-04,46629.0
2022-04-05,45506.0
2022-04-06,43173.0
2022-04-07,43448.0
2022-04-08,42275.0
2022-04-09,42767.0
2022-04-10,42138.0
2022-04-11,39497.0
2022-04-12,40078.0
2022-04-13,41133.0
2022-04-14,39936.0
2022-04-15,40560.0
2022-04-16,40382.0
2022-04-17,39703.0
2022-04-18,40803.0
2022-04-19,41503.0
2022-04-20,41368.0
2022-04-21,40482.0
2022-04-22,39709.0
2022-04-23,39418.0
2022-04-24,39464.0
2022-04-25,40427.0
2022-04-26,38113.0
2022-04-27,39243.0
2022-04-28,39748.0
2022-04-29,38581.0
2022-04-30,37650.0
2022-05-01,38461.0
2022-05-02,38514.0
2022-05-03,37718.0
2022-05-04,39688.0
2022-05-05,36544.0
2022-05-06,36009.0
2022-05-07,35468.0
2022-05-08,34060.0
2022-05-09,30095.0
2022-05-10,31007.5
2022-05-11,29068.2
2022-05-12,28976.0
2022-05-13,29284.4
2022-05-14,30080.4
2022-05-15,31308.7
2022-05-16,29849.0
2022-05-17,30437.5
2022-05-18,28683.7
2022-05-19,30305.9
2022-05-20,29178.6
2022-05-21,29434.6
2022-05-22,30286.6
2022-05-23,29093.3
2022-05-24,29648.7
2022-05-25,29540.6
2022-05-26,29203.5
2022-05-27,28601.2
2022-05-28,29027.1
2022-05-29,29465.2
2022-05-30,31723.3
2022-05-31,31793.4
2022-06-01,29798.5
2022-06-02,30455.5
2022-06-03,29700.9
2022-06-04,29864.3
2022-06-05,29913.0
2022-06-06,31367.6
2022-06-07,31128.8
2022-06-08,30201.6
2022-06-09,30097.8
2022-06-10,29083.3
2022-06-11,28403.4
2022-06-12,26606.3
2022-06-13,22448.0
2022-06-14,22157.3
2022-06-15,22577.9
2022-06-16,20386.6
2022-06-17,20444.6
2022-06-18,18986.5
2022-06-19,20577.2
2022-06-20,20572.3
2022-06-21,20720.4
2022-06-22,19965.8
2022-06-23,21100.7
2022-06-24,21226.9
2022-06-25,21489.9
2022-06-26,21043.5
2022-06-27,20730.2
2022-06-28,20278.0
2022-06-29,20111.3
2022-06-30,19926.6
2022-07-01,19262.9
2022-07-02,19243.2
2022-07-03,19309.9
2022-07-04,20215.8
2022-07-05,20200.6
2022-07-06,20561.1
2022-07-07,21637.8
2022-07-08,21611.2
2022-07-09,21587.5
2022-07-10,20847.4
2022-07-11,19963.2
2022-07-12,19330.9
2022-07-13,20250.0
2022-07-14,20586.0
2022-07-15,20825.1
2022-07-16,21209.9
2022-07-17,20785.6
2022-07-18,22525.8
2022-07-19,23410.2
2022-07-20,23215.2
2022-07-21,23153.0
2022-07-22,22675.2
2022-07-23,22460.4
2022-07-24,22582.1
2022-07-25,21301.9
2022-07-26,21248.7
2022-07-27,22958.3
2022-07-28,23850.0
2022-07-29,23774.3
2022-07-30,23634.2
2022-07-31,23303.4
2022-08-01,23271.2
2022-08-02,22988.6
2022-08-03,22820.8
2022-08-04,22612.1
2022-08-05,23308.2
2022-08-06,22944.2
2022-08-07,23175.3
2022-08-08,23816.3
2022-08-09,23146.7
2022-08-10,23962.9
2022-08-11,23935.3
2022-08-12,24398.7
2022-08-13,24442.5
2022-08-14,24302.8
2022-08-15,24101.7
2022-08-16,23856.8
2022-08-17,23338.0
2022-08-18,23203.6
2022-08-19,20831.3
2022-08-20,21138.9
2022-08-21,21517.2
2022-08-22,21416.3
2022-08-23,21517.2
2022-08-24,21365.2
2022-08-25,21565.4
2022-08-26,20249.9
2022-08-27,20033.9
2022-08-28,19550.2
2022-08-29,20295.8
2022-08-30,19792.6
2022-08-31,20043.9
2022-09-01,20126.1
2022-09-02,19952.7
2022-09-03,19831.4
2022-09-04,19999.9
2022-09-05,19793.1
2022-09-06,18786.4
2022-09-07,19281.5
2022-09-08,19317.4
2022-09-09,21365.2
2022-09-10,21650.4
2022-09-11,21834.9
2022-09-12,22395.3
2022-09-13,20175.5
2022-09-14,20222.5
2022-09-15,19701.7
2022-09-16,19802.4
2022-09-17,20113.5
2022-09-18,19418.8
2022-09-19,19538.9
2022-09-20,18872.4
2022-09-21,18489.0
2022-09-22,19404.0
2022-09-23,19293.5
2022-09-24,18925.2
2022-09-25,18803.2
2022-09-26,19225.7
2022-09-27,19081.0
2022-09-28,19411.0
2022-09-29,19593.0
2022-09-30,19423.0
2022-10-01,19311.9
2022-10-02,19052.2
2022-10-03,19628.3
2022-10-04,20340.2
2022-10-05,20157.5
2022-10-06,19956.7
2022-10-07,19531.3
2022-10-08,19415.0
2022-10-09,19441.0
2022-10-10,19134.6
2022-10-11,19059.1
2022-10-12,19154.8
2022-10-13,19379.8
2022-10-14,19181.8
2022-10-15,19068.7
2022-10-16,19261.9
2022-10-17,19548.2
2022-10-18,19328.2
2022-10-19,19123.9
2022-10-20,19042.9
2022-10-21,19162.6
2022-10-22,19204.8
2022-10-23,19571.2
2022-10-24,19331.5
2022-10-25,20082.7
2022-10-26,20769.5
2022-10-27,20292.9
2022-10-28,20594.4
2022-10-29,20809.8
2022-10-30,20626.3
2022-10-31,20496.3
2022-11-01,20483.5
2022-11-02,20154.4
2022-11-03,20206.4
2022-11-04,21145.9
2022-11-05,21301.6
2022-11-06,20916.3
2022-11-07,20589.0
2022-11-08,18527.4
2022-11-09,15886.9
2022-11-10,17589.1
2022-11-11,17049.9
2022-11-12,16795.2
2022-11-13,16324.5
2022-11-14,16613.7
2022-11-15,16895.1
2022-11-16,16540.5
2022-11-17,16691.2
2022-11-18,16638.3
2022-11-19,16699.2
2022-11-20,16286.7
2022-11-21,15776.2
2022-11-22,16212.9
2022-11-23,16623.9
2022-11-24,16601.2
2022-11-25,16512.3
2022-11-26,16456.5
2022-11-27,16425.6
2022-11-28,16211.7
2022-11-29,16440.4
2022-11-30,17163.9
2022-12-01,16972.0
2022-12-02,17093.6
2022-12-03,16884.5
2022-12-04,17112.6
2022-12-05,16966.5
2022-12-06,17089.3
2022-12-07,16835.2
2022-12-08,17225.7
2022-12-09,17125.7
2022-12-10,17127.2
2022-12-11,17093.3
2022-12-12,17210.4
2022-12-13,17778.6
2022-12-14,17796.4
2022-12-15,17356.1
2022-12-16,16629.6
2022-12-17,16777.1
2022-12-18,16741.1
2022-12-19,16441.3
2022-12-20,16902.8
2022-12-21,16831.8
2022-12-22,16820.6
2022-12-23,16779.1
2022-12-24,16837.2
2022-12-25,16831.8
2022-12-26,16918.1
2022-12-27,16706.1
2022-12-28,16546.2
2022-12-29,16636.4
2022-12-30,16607.2
2022-12-31,16537.4